hmc school,wikipedia link,postcode"The Abbey School, Reading","https://en.wikipedia.org/wiki/The_Abbey_School,_Reading",RG1 5DZAbingdon School,https://en.wikipedia.org/wiki/Abingdon_School,OX14 1DEAckworth School,https://en.wikipedia.org/wiki/Ackworth_School,WF7 7LTArnold KEQMS,https://en.wikipedia.org/wiki/Arnold_KEQMS,FY8 1DTAldenham School,https://en.wikipedia.org/wiki/Aldenham_School,WD6 3AJAlleyn's School,https://en.wikipedia.org/wiki/Alleyn's_School,SE22 8SUAmpleforth College,https://en.wikipedia.org/wiki/Ampleforth_College,YO62 4ERArdingly College,https://en.wikipedia.org/wiki/Ardingly_College,RH17 6SQAshford School,https://en.wikipedia.org/wiki/Ashford_School,TN24 8PBAshville College,https://en.wikipedia.org/wiki/Ashville_College,HG2 9JPBablake School,https://en.wikipedia.org/wiki/Bablake_School,CV1 4AUBancroft's School,https://en.wikipedia.org/wiki/Bancroft's_School,IG8 0RFBarnard Castle School,https://en.wikipedia.org/wiki/Barnard_Castle_School,DL12 8UNBedales School,https://en.wikipedia.org/wiki/Bedales_School,GU32 2DGBede's School,https://en.wikipedia.org/wiki/Bede's_School,BN27 3QHBedford School,https://en.wikipedia.org/wiki/Bedford_School,MK40 2TUBedford Modern School,https://en.wikipedia.org/wiki/Bedford_Modern_School,MK41 7NTBenenden School,https://en.wikipedia.org/wiki/Benenden_School,TN17 4AABerkhamsted School,https://en.wikipedia.org/wiki/Berkhamsted_School,HP4 2BBBirkdale School,https://en.wikipedia.org/wiki/Birkdale_School,S10 3DHBirkenhead School,https://en.wikipedia.org/wiki/Birkenhead_School,CH43 2JDBishop's Stortford College,https://en.wikipedia.org/wiki/Bishop's_Stortford_College,CM23 2PJBloxham School,https://en.wikipedia.org/wiki/Bloxham_School,OX15 4PEBlundell's School,https://en.wikipedia.org/wiki/Blundell's_School,EX16 4DNBolton School,https://en.wikipedia.org/wiki/Bolton_School,BL1 4PABootham School,https://en.wikipedia.org/wiki/Bootham_School,YO30 7BUBradfield College,https://en.wikipedia.org/wiki/Bradfield_College,RG7 6AUBradford Grammar School,https://en.wikipedia.org/wiki/Bradford_Grammar_School,BD9 4JPBrentwood School,https://en.wikipedia.org/wiki/Brentwood_School,CM15 8EEBrighton College,https://en.wikipedia.org/wiki/Brighton_College,BN2 0ALBristol Grammar School,https://en.wikipedia.org/wiki/Bristol_Grammar_School,BS8 1SRBromley High School,https://en.wikipedia.org/wiki/Bromley_High_School,BR1 2TWBromsgrove School,https://en.wikipedia.org/wiki/Bromsgrove_School,B61 7DUBryanston School,https://en.wikipedia.org/wiki/Bryanston_School,DT11 0PXBury Grammar School,https://en.wikipedia.org/wiki/Bury_Grammar_School,BL9 0HNCanford School,https://en.wikipedia.org/wiki/Canford_School,BH21 3ADCaterham School,https://en.wikipedia.org/wiki/Caterham_School,CR3 6YACharterhouse School,https://en.wikipedia.org/wiki/Charterhouse_School,GU7 2DXCheadle Hulme School,https://en.wikipedia.org/wiki/Cheadle_Hulme_School,SK8 6EFCheltenham College,https://en.wikipedia.org/wiki/Cheltenham_College,GL53 7LDThe Cheltenham Ladies' College,https://en.wikipedia.org/wiki/The_Cheltenham_Ladies'_College,GL50 3EPChetham's School of Music,https://en.wikipedia.org/wiki/Chetham's_School_of_Music,M3 1SBChigwell School,https://en.wikipedia.org/wiki/Chigwell_School,IG7 6QFChrist's Hospital,https://en.wikipedia.org/wiki/Christ's_Hospital,RH13 0YPChurcher's College,https://en.wikipedia.org/wiki/Churcher's_College,GU31 4ASCity of London Freemen's School,https://en.wikipedia.org/wiki/City_of_London_Freemen's_School,KT21 1ETCity of London School,https://en.wikipedia.org/wiki/City_of_London_School,EC4V 3ALCity of London School for Girls,https://en.wikipedia.org/wiki/City_of_London_School_for_Girls,EC2Y 8BBClayesmore School,https://en.wikipedia.org/wiki/Clayesmore_School,DT11 8LLClifton College,https://en.wikipedia.org/wiki/Clifton_College,BS8 3JHCokethorpe School,https://en.wikipedia.org/wiki/Cokethorpe_School,OX29 7PUColfe's School,https://en.wikipedia.org/wiki/Colfe's_School,SE12 8AWColston's School,https://en.wikipedia.org/wiki/Colston's_School,BS16 1BJCranleigh School,https://en.wikipedia.org/wiki/Cranleigh_School,GU6 8QQCulford School,https://en.wikipedia.org/wiki/Culford_School,IP28 6TXDame Allan's School,https://en.wikipedia.org/wiki/Dame_Allan's_School,NE4 9YJDauntsey's School,https://en.wikipedia.org/wiki/Dauntsey's_School,SN10 4HEDean Close School,https://en.wikipedia.org/wiki/Dean_Close_School,GL51 6HEDenstone College,https://en.wikipedia.org/wiki/Denstone_College,ST14 5HNDowne House School,https://en.wikipedia.org/wiki/Downe_House_School,RG18 9JJDownside School,https://en.wikipedia.org/wiki/Downside_School,BA3 4RJDulwich College,https://en.wikipedia.org/wiki/Dulwich_College,SE21 7LDDurham School,https://en.wikipedia.org/wiki/Durham_School,DH1 4SZEastbourne College,https://en.wikipedia.org/wiki/Eastbourne_College,BN21 4JYEllesmere College,https://en.wikipedia.org/wiki/Ellesmere_College,SY12 9ABEltham College,https://en.wikipedia.org/wiki/Eltham_College,SE9 4QFEmanuel School,https://en.wikipedia.org/wiki/Emanuel_School,SW11 1HSEpsom College,https://en.wikipedia.org/wiki/Epsom_College,KT17 4JQEton College,https://en.wikipedia.org/wiki/Eton_College,SL4 6DBExeter School,https://en.wikipedia.org/wiki/Exeter_School,EX2 4NSFelsted School,https://en.wikipedia.org/wiki/Felsted_School,CM6 3LLForest School,https://en.wikipedia.org/wiki/Forest_School,E17 3PYFramlingham College,https://en.wikipedia.org/wiki/Framlingham_College,IP13 9EY"Francis Holland, Regent's Park","https://en.wikipedia.org/wiki/Francis_Holland,_Regent's_Park",SW1W 8JFFrensham Heights School,https://en.wikipedia.org/wiki/Frensham_Heights_School,GU10 4EAGiggleswick School,https://en.wikipedia.org/wiki/Giggleswick_School,BD24 0DETheÌ_Godolphin School,https://en.wikipedia.org/wiki/The_Godolphin_School,SP1 2RAGodolphin and Latymer School,https://en.wikipedia.org/wiki/Godolphin_and_Latymer_School,W6 0PGGrammar School at Leeds,https://en.wikipedia.org/wiki/Grammar_School_at_Leeds,LS17 8GSThe Grange School,https://en.wikipedia.org/wiki/The_Grange_School,CW8 1LUGresham's School,https://en.wikipedia.org/wiki/Gresham's_School,NR25 6EAGuildford High School,https://en.wikipedia.org/wiki/Guildford_High_School,GU1 1SJThe Haberdashers' Aske's Boys' School,https://en.wikipedia.org/wiki/The_Haberdashers'_Aske's_Boys'_School,WD6 3AFHaileybury and Imperial Service College,https://en.wikipedia.org/wiki/Haileybury_and_Imperial_Service_College,SG13 7NUHalliford School,https://en.wikipedia.org/wiki/Halliford_School,TW17 9HXHampton School,https://en.wikipedia.org/wiki/Hampton_School,TW12 3HDHarrow School,https://en.wikipedia.org/wiki/Harrow_School,HA1 3HPHereford Cathedral School,https://en.wikipedia.org/wiki/Hereford_Cathedral_School,HR1 2NGHighgate School,https://en.wikipedia.org/wiki/Highgate_School,N6 4AYHurstpierpoint College,https://en.wikipedia.org/wiki/Hurstpierpoint_College,BN6 9JSHymers College,https://en.wikipedia.org/wiki/Hymers_College,HU3 1LWImmanuel College,https://en.wikipedia.org/wiki/Immanuel_College,WD23 4EBIpswich School,https://en.wikipedia.org/wiki/Ipswich_School,IP1 3SGJames Allen's Girls' School,https://en.wikipedia.org/wiki/James_Allen's_Girls'_School,SE22 8TThe John Lyon School,https://en.wikipedia.org/wiki/The_John_Lyon_School,HA1 0HNKent College,https://en.wikipedia.org/wiki/Kent_College,CT2 9DT"Kent College, Pembury","https://en.wikipedia.org/wiki/Kent_College,_Pembury",TN2 4AXKimbolton School,https://en.wikipedia.org/wiki/Kimbolton_School,PE28 0EA"King Edward VI School, Southampton","https://en.wikipedia.org/wiki/King_Edward_VI_School,_Southampton",SO15 5UQ"King Edward's School, Bath","https://en.wikipedia.org/wiki/King_Edward's_School,_Bath",BA2 6HU"King Edward's School, Birmingham","https://en.wikipedia.org/wiki/King_Edward's_School,_Birmingham",B15 2UA"King Edward's School, Witley","https://en.wikipedia.org/wiki/King_Edward's_School,_Witley",GU8 5SGKing Henry VIII School,https://en.wikipedia.org/wiki/King_Henry_VIII_School,CV3 6AQ"King's College, Taunton","https://en.wikipedia.org/wiki/King's_College,_Taunton",TA1 3LAKing's College School,https://en.wikipedia.org/wiki/King's_College_School,SW19 4TT"King's School, Bruton","https://en.wikipedia.org/wiki/King's_School,_Bruton",BA10 0ED"The King's School, Canterbury","https://en.wikipedia.org/wiki/The_King's_School,_Canterbury",CT1 2ES"The King's School, Chester","https://en.wikipedia.org/wiki/The_King's_School,_Chester",CH4 7QL"The King's School, Ely","https://en.wikipedia.org/wiki/The_King's_School,_Ely",CB7 4DB"The King's School, Gloucester","https://en.wikipedia.org/wiki/The_King's_School,_Gloucester",GL1 2BG"The King's School, Macclesfield","https://en.wikipedia.org/wiki/The_King's_School,_Macclesfield",SK10 1DA"The King's School, Rochester","https://en.wikipedia.org/wiki/The_King's_School,_Rochester",ME1 1TE"The King's School, Worcester","https://en.wikipedia.org/wiki/The_King's_School,_Worcester",WR1 2LLKingston Grammar School,https://en.wikipedia.org/wiki/Kingston_Grammar_School,KT2 6PYKingswood School,https://en.wikipedia.org/wiki/Kingswood_School,BA1 5RGKirkham Grammar School,https://en.wikipedia.org/wiki/Kirkham_Grammar_School,PR4 2BHThe Lady Eleanor Holles School,https://en.wikipedia.org/wiki/The_Lady_Eleanor_Holles_School,TW12 3HFLancing College,https://en.wikipedia.org/wiki/Lancing_College,BN15 0RWLatymer Upper School,https://en.wikipedia.org/wiki/Latymer_Upper_School,W6 9LRLeicester Grammar School,https://en.wikipedia.org/wiki/Leicester_Grammar_School,LE8 9FLLeighton Park School,https://en.wikipedia.org/wiki/Leighton_Park_School,RG2 7EDThe Leys School,https://en.wikipedia.org/wiki/The_Leys_School,CB2 7ADLincoln Minster School,https://en.wikipedia.org/wiki/Lincoln_Minster_School,LN2 5RWLingfield Notre Dame School,https://en.wikipedia.org/wiki/Lingfield_Notre_Dame_School,RH7 6PHLord Wandsworth College,https://en.wikipedia.org/wiki/Lord_Wandsworth_College,RG29 2TBLoughborough Grammar School,https://en.wikipedia.org/wiki/Loughborough_Grammar_School,LE11 2DUMagdalen College School,https://en.wikipedia.org/wiki/Magdalen_College_School,OX4 1DZMalvern College,https://en.wikipedia.org/wiki/Malvern_College,WR14 3DFManchester Grammar School,https://en.wikipedia.org/wiki/Manchester_Grammar_School,M13 0XTMarlborough College,https://en.wikipedia.org/wiki/Marlborough_College,SN8 1PA"Merchant Taylors' School, Crosby","https://en.wikipedia.org/wiki/Merchant_Taylors'_School,_Crosby",L23 0QP"Merchant Taylors' School, Northwood","https://en.wikipedia.org/wiki/Merchant_Taylors'_School,_Northwood",HA6 2HTMillfield,https://en.wikipedia.org/wiki/Millfield,BA16 0YDMill Hill School,https://en.wikipedia.org/wiki/Mill_Hill_School,NW7 1QSMonkton Combe School,https://en.wikipedia.org/wiki/Monkton_Combe_School,BA2 7HGMount Kelly,https://en.wikipedia.org/wiki/Mount_Kelly,PL19 0HZMount St Mary's College,https://en.wikipedia.org/wiki/Mount_St_Mary's_College,S21 3YLNewcastle-under-Lyme School,https://en.wikipedia.org/wiki/Newcastle-under-Lyme_School,ST5 1DBNew Hall School,https://en.wikipedia.org/wiki/New_Hall_School,CM3 3HSNorwich School,https://en.wikipedia.org/wiki/Norwich_School,NR1 4DDNottingham High School,https://en.wikipedia.org/wiki/Nottingham_High_School,NG7 4EDOakham School,https://en.wikipedia.org/wiki/Oakham_School,LE15 6DTOldham Hulme Grammar School,https://en.wikipedia.org/wiki/Oldham_Hulme_Grammar_School,OL8 4BXThe Oratory School,https://en.wikipedia.org/wiki/The_Oratory_School,RG8 0PJOundle School,https://en.wikipedia.org/wiki/Oundle_School,PE8 4GHPangbourne College,https://en.wikipedia.org/wiki/Pangbourne_College,RG8 8LAThe Perse School,https://en.wikipedia.org/wiki/The_Perse_School,CB2 8QFPlymouth College,https://en.wikipedia.org/wiki/Plymouth_College,PL4 6RNPocklington School,https://en.wikipedia.org/wiki/Pocklington_School,YO42 2NJPortsmouth Grammar School,https://en.wikipedia.org/wiki/Portsmouth_Grammar_School,PO1 2JNPrincethorpe College,https://en.wikipedia.org/wiki/Princethorpe_College,CV23 9PXPrior Park College,https://en.wikipedia.org/wiki/Prior_Park_College,BA2 5AHPutney High School,https://en.wikipedia.org/wiki/Putney_High_School,SW15 6BHQueen Anne's School,https://en.wikipedia.org/wiki/Queen_Anne's_School,RG4 6DX"Queen Elizabeth Grammar School, Wakefield","https://en.wikipedia.org/wiki/Queen_Elizabeth_Grammar_School,_Wakefield",WF1 3QXQueen Elizabeth's Hospital,https://en.wikipedia.org/wiki/Queen_Elizabeth's_Hospital,BS8 1JXQueen's College,https://en.wikipedia.org/wiki/Queen's_College,W1G 8BRadley College,https://en.wikipedia.org/wiki/Radley_College,OX14 2HRRatcliffe College,https://en.wikipedia.org/wiki/Ratcliffe_College,LE7 4SGReading Blue Coat School,https://en.wikipedia.org/wiki/Reading_Blue_Coat_School,RG4 6SUReed's School,https://en.wikipedia.org/wiki/Reed's_School,KT11 2ESReigate Grammar School,https://en.wikipedia.org/wiki/Reigate_Grammar_School,RH2 0QSRendcomb College,https://en.wikipedia.org/wiki/Rendcomb_College,GL7 7HARepton School,https://en.wikipedia.org/wiki/Repton_School,DE65 6FHRossall School,https://en.wikipedia.org/wiki/Rossall_School,FY7 8JWRoedean,https://en.wikipedia.org/wiki/Roedean,BN2 5RQ"Royal Grammar School, Guildford","https://en.wikipedia.org/wiki/Royal_Grammar_School,_Guildford",GU1 3BB"Royal Grammar School, Newcastle","https://en.wikipedia.org/wiki/Royal_Grammar_School,_Newcastle",NE2 4DXRGS Worcester,https://en.wikipedia.org/wiki/RGS_Worcester,WR1 1HPThe Royal Hospital School,https://en.wikipedia.org/wiki/The_Royal_Hospital_School,IP9 2RXRoyal Masonic School for Girls,https://en.wikipedia.org/wiki/Royal_Masonic_School_for_Girls,WD3 4HFRoyal Russell School,https://en.wikipedia.org/wiki/Royal_Russell_School,CR9 5BXRugby School,https://en.wikipedia.org/wiki/Rugby_School,CV22 5EHRyde School,https://en.wikipedia.org/wiki/Ryde_School,PO33 3BESt Albans School,https://en.wikipedia.org/wiki/St_Albans_School,AL3 4HBSt Albans High School for Girls,https://en.wikipedia.org/wiki/St_Albans_High_School_for_Girls,AL1 3SJSt Bede's College,https://en.wikipedia.org/wiki/St_Bede's_College,M16 8HXSt Benedict's School,https://en.wikipedia.org/wiki/St_Benedict's_School,W5 2ES"St Columba's College, St Albans","https://en.wikipedia.org/wiki/St_Columba's_College,_St_Albans",AL3 4AWSt Dunstan's College,https://en.wikipedia.org/wiki/St_Dunstan's_College,SE6 4TYSt Edmund's College,https://en.wikipedia.org/wiki/St_Edmund's_College,SG11 1DSSt Edmund's School,https://en.wikipedia.org/wiki/St_Edmund's_School,CT2 8HU"St Edward's School, Oxford","https://en.wikipedia.org/wiki/St_Edward's_School,_Oxford",OX2 7NN"St George's College, Weybridge","https://en.wikipedia.org/wiki/St_George's_College,_Weybridge",KT15 2QS"St John's School, Leatherhead","https://en.wikipedia.org/wiki/St_John's_School,_Leatherhead",KT22 8SPSt Lawrence College,https://en.wikipedia.org/wiki/St_Lawrence_College,CT11 7AESt Mary's Calne,https://en.wikipedia.org/wiki/St_Mary's_Calne,SN11 0DFSt Mary's College,https://en.wikipedia.org/wiki/St_Mary's_College,L23 5TWSt Mary's School Ascot,https://en.wikipedia.org/wiki/St_Mary's_School_Ascot,SL5 9JFSt Paul's Girls' School,https://en.wikipedia.org/wiki/St_Paul's_Girls'_School,W6 7BSSt Paul's School,https://en.wikipedia.org/wiki/St_Paul's_School,SW13 9JTSt Peter's School,https://en.wikipedia.org/wiki/St_Peter's_School,YO30 6ABSeaford College,https://en.wikipedia.org/wiki/Seaford_College,GU28 0NBSedbergh School,https://en.wikipedia.org/wiki/Sedbergh_School,LA10 5HGSevenoaks School,https://en.wikipedia.org/wiki/Sevenoaks_School,TN13 1HUSherborne School,https://en.wikipedia.org/wiki/Sherborne_School,DT9 3APSherborne Girls,https://en.wikipedia.org/wiki/Sherborne_Girls,DT9 3QNShiplake College,https://en.wikipedia.org/wiki/Shiplake_College,RG9 4BWShrewsbury School,https://en.wikipedia.org/wiki/Shrewsbury_School,SY3 7BASidcot School,https://en.wikipedia.org/wiki/Sidcot_School,BS25 1PDSilcoates School,https://en.wikipedia.org/wiki/Silcoates_School,WF2 OPDSir William Perkins's School,https://en.wikipedia.org/wiki/Sir_William_Perkins's_School,KT16 9BNSolihull School,https://en.wikipedia.org/wiki/Solihull_School,B91 3DJSouth Hampstead High School,https://en.wikipedia.org/wiki/South_Hampstead_High_School,NW3 5SSStamford School,https://en.wikipedia.org/wiki/Stamford_School,PE9 2BQStephen Perse Foundation,https://en.wikipedia.org/wiki/Stephen_Perse_Foundation,CB2 1HFStockport Grammar School,https://en.wikipedia.org/wiki/Stockport_Grammar_School,SK2 7AFStonyhurst College,https://en.wikipedia.org/wiki/Stonyhurst_College,BB7 9PZStowe School,https://en.wikipedia.org/wiki/Stowe_School,MK18 5EHSurbiton High School,https://en.wikipedia.org/wiki/Surbiton_High_School,KT1 2JTSutton Valence School,https://en.wikipedia.org/wiki/Sutton_Valence_School,ME17 3HLTaunton School,https://en.wikipedia.org/wiki/Taunton_School,TA2 6ADTonbridge School,https://en.wikipedia.org/wiki/Tonbridge_School,TN9 1JPTrent College,https://en.wikipedia.org/wiki/Trent_College,NG10 4ADTrinity School of John Whitgift,https://en.wikipedia.org/wiki/Trinity_School_of_John_Whitgift,CR9 7ATTruro School,https://en.wikipedia.org/wiki/Truro_School,TR1 1THUniversity College School,https://en.wikipedia.org/wiki/University_College_School,NW3 6QNUppingham School,https://en.wikipedia.org/wiki/Uppingham_School,LE15 9QEWarminster School,https://en.wikipedia.org/wiki/Warminster_School,BA12 8PJWarwick School,https://en.wikipedia.org/wiki/Warwick_School,CV34 6PPWellingborough School,https://en.wikipedia.org/wiki/Wellingborough_School,NN8 2BXWellington College,https://en.wikipedia.org/wiki/Wellington_College,RG45 7PUWellington School,https://en.wikipedia.org/wiki/Wellington_School,TA21 8NTWells Cathedral School,https://en.wikipedia.org/wiki/Wells_Cathedral_School,BA5 2STWest Buckland School,https://en.wikipedia.org/wiki/West_Buckland_School,EX32 0SXWestminster School,https://en.wikipedia.org/wiki/Westminster_School,SW1P 3PFWhitgift School,https://en.wikipedia.org/wiki/Whitgift_School,CR2 6YTWimbledon High School,https://en.wikipedia.org/wiki/Wimbledon_High_School,SW19 4ABWisbech Grammar School,https://en.wikipedia.org/wiki/Wisbech_Grammar_School,PE13 1JXWithington Girls' School,https://en.wikipedia.org/wiki/Withington_Girls'_School,M14 6BLWolverhampton Grammar School,https://en.wikipedia.org/wiki/Wolverhampton_Grammar_School,WV3 9RBWoodbridge School,https://en.wikipedia.org/wiki/Woodbridge_School,IP12 4NHWoodhouse Grove School,https://en.wikipedia.org/wiki/Woodhouse_Grove_School,BD10 0NRWorksop College,https://en.wikipedia.org/wiki/Worksop_College,S80 3APWorth School,https://en.wikipedia.org/wiki/Worth_School,RH10 4SDWrekin College,https://en.wikipedia.org/wiki/Wrekin_College,TF1 3BHWycliffe College,https://en.wikipedia.org/wiki/Wycliffe_College,GL10 2JQWycombe Abbey,https://en.wikipedia.org/wiki/Wycombe_Abbey,HP11 1PEYarm School,https://en.wikipedia.org/wiki/Yarm_School,TS15 9EJ